"Genus","Species","Picture","Photo Title","Photo Caption","Photographer","Suggested Common Name","Photo Locality","Text","Identification","Description","Known Distribution","Ecology","Size","Depth","Reference"
"Abatus","agassizi","Abatus1.aga.jpg","Abatus agassizi","None","David Barnes","None","Deception I. AP","*","David Barnes","*","*","*","*","*","*"
"Abatus","agassizi","Abatus2.aga.jpg","Abatus agassizi","Ventral","David Barnes","None","Deception I. AP","*","David Barnes","*","*","*","*","*","*"
"Abatus","cavernosus abora","Abatus1.cav.ab.jpg","Abatus cavernosus aboral","None","David Barnes","None","South Orkney Is.","*","David Barnes","*","*","*","*","*","*"
"Abatus","cavernosus oral","Abatus1.cav.or.jpg","Abatus cavernosus oral","None","David Barnes","None","South Orkney Is.","*","David Barnes","*","*","*","*","*","*"
"Abatus","curvidens aboral","Abatus1.cur.ab.jpg","Abatus curvidens aboral","None","David Barnes","None","South Orkney Is.","*","David Barnes","*","*","*","*","*","*"
"Abatus","curvidens oral","Abatus1.cur.or.jpg","Abatus curvidens oral","None","David Barnes","None","South Orkney Is.","*","David Barnes","*","*","*","*","*","*"
"Abatus","ingens aboral","Abatus1.ing.ab.jpg","Abatus ingens aboral","None","David Barnes","Large Antarctic burrowing sea urchin","Elephant I. AP","*","David Barnes","*","*","*","*","*","*"
"Abatus","ingens oral ","Abatus1.ing.or.jpg","Abatus ingens oral ","None","David Barnes","Large Antarctic burrowing sea urchin","Elephant I. AP","*","David Barnes","*","*","*","*","*","*"
"Abatus","shackletoni aboral","Abatus1.sha.jpg","Abatus shackletoni aboral","None","David Barnes","None","South Orkney Is.","*","David Barnes","*","*","*","*","*","*"
"Abatus","sp.","Abatus1.sp.jpg","Abatus sp.","None","David Barnes","None","Deception I. AP","*","David Barnes","*","*","*","*","*","*"
"Acodontaster","conspicuous","Acodontaster1.con.jpg","Acodontaster conspicuous  ","None","David Barnes","None","Elephant I. AP","Acodontastertext.doc","E. Mutschke","Acodontaster1.txt","Acodontaster2.txt","Acodontaster3.txt","Acodontaster4.txt","Acodontaster5.txt","Acodontaster6.txt"
"Acodontaster","sp.","Acodontaster1.sp.jpg","Acodontaster sp.","None","David Barnes","None","Anvers I. WAP","Acodontastertext.doc","E. Mutschke","Acodontaster1.txt","Acodontaster2.txt","Acodontaster3.txt","Acodontaster4.txt","Acodontaster5.txt","Acodontaster6.txt"
"Amphipneustes","rostratus","Amphipneustes1.ros.jpg","Amphipneustes rostratus ","None","David Barnes","None","South Orkney Is.","*","H.Schultz","*","*","*","*","*","*"
"Amphipneustes","sp.","Amphipneustes1.sp.jpg","Amphipneustes sp.","None","David Barnes","None","Deception I. AP","*","David Barnes","*","*","*","*","*","*"
"Amphiura ","belgicae","Amphiura1.bel.jpg","Amphiura belgicae","None","David Barnes","None","Elephant I. AP","*","I. Smirnov","*","*","*","*","*","*"
"Amphiura ","joubini","Amphiura1.jou.jpg","Amphiura joubini ","None","David Barnes","None","Elephant I. AP","*","I. Smirnov","*","*","*","*","*","*"
"Genus","Species","Picture","Photo Title","Photo Caption","Photographer","Suggested Common Name","Photo Locality","Text","Identification","Description","Known Distribution","Ecology","Size","Depth","Reference"
"Amphiuridae ","sp.","Amphiuridae1.jpg","Amphiuridae sp.","None","David Barnes","None","South Orkney Is.","*","I. Smirnov","*","*","*","*","*","*"
"Anthometra ","adriani","Anthometra1.adr.jpg","Anthometra adriani","None","BAS","Common Antarctic crinoid","South Georgia","Anthometratext.doc","U.Jacob","Anthometra1.txt","Anthonetra2.txt","Anothmetra3.txt","*","Anthometra5.txt","*"
"Anthometra ","sp.","Anthometra1.sp.jpg","Anthometra sp.","None","BAS","Common Antarctic crinoid","South Georgia","*","U.Jacob","*","*","*","*","*","*"
"Anthometra ","sp.","Anthometra2.sp.jpg","Anthometra sp.","None","BAS","Common Antarctic crinoid","South Georgia","*","U.Jacob","*","*","*","*","*","*"
"Astrotoma","agassizii","Astrotoma1.jpg","Astrotoma agassizii    ","None","David Barnes","None","South Georgia","Astrotomatext.doc","David Barnes","Astrotoma1.txt","Astrotoma2.txt","Astrotoma3.txt","Astrotoma4.txt","Astrotoma5.txt","Astrotoma6.txt"
"Astrotoma","agassizii","Astrotoma2.jpg","Astrotoma agassizii    ","None","David Barnes","None","South Georgia","Astrotomatext.doc","David Barnes","Astrotoma1.txt","Astrotoma2.txt","Astrotoma3.txt","Astrotoma4.txt","Astrotoma5.txt","Astrotoma6.txt"
"Austrocidaris","spines","Austrocidaris1.jpg","Austrocidaris spines","None","David Barnes","None","Falkland Trough","*","David Barnes","*","*","*","*","*","*"
"Bathybiaster ","loripes","Bathybiaster1.jpg","Bathybiaster loripes","None","David Barnes","None","Elephant I. AP","*","E. Mutschke","*","*","*","*","*","*"
"Bathyplotes","bongraini","Bathyplotes1.jpg","Bathyplotes bongraini","None","David Barnes","None","Deception I. AP","*","J.Gutt","*","*","*","*","*","*"
"Bathyplotes","bongraini","Bathyplotes2.jpg","Bathyplotes bongraini","Ventral","David Barnes","None","Deception I. AP","*","J.Gutt","*","*","*","*","*","*"
"Brachysternaster","chesheri aboral","Brachysternaster1.che.ab.jpg","Brachysternaster chesheri aboral ","None","David Barnes","None","South Orkney Is.","*","David Barnes","*","*","*","*","*","*"
"Brachysternaster","chesheri  oral ","Brachysternaster1.che.or.jpg","Brachysternaster chesheri  oral ","None","David Barnes","None","South Orkney Is.","*","David Barnes","*","*","*","*","*","*"
"Ceramaster ","patagonicus ","Ceramaster1.jpg","Ceramaster patagonicus ","None","David Barnes","None","Falkland Trough","*","E. Mutschke","*","*","*","*","*","*"
"Cheiraster ","gerlacheir ","Cheiraster1.jpg","Cheiraster gerlacheir ","None","David Barnes","None","Elephant I. AP","*","E. Mutschke","*","*","*","*","*","*"
"Chiridotidae ","sp.","Chiridotidae1.jpg","Chiridotidae sp.","None","David Barnes","None","Elephant I. AP","*","J. Bohn","*","*","*","*","*","*"
"Cryptasterias","turqueti","Cryptasterias1.jpg","Cryptasterias turqueti    ","None","Simon Brockington ","None","Ryder Bay, WAP","Cryptasteriastext.doc","E. Mutschke","Cryptasterias1.txt","Cryptasterias2.txt","Cryptasterias3.txt","*","Cryptasterias5.txt","Cryptasterias6.txt"
"Ctenocidaris","rugosa","Ctenocidaris1.rug.jpg","Ctenocidaris rugosa ","None","David Barnes","None","Falkland Trough","*","David Barnes","*","*","*","*","*","*"
"Ctenocidaris","rugosa","Ctenocidaris2.rug.jpg","Ctenocidaris rugosa ","Spines","David Barnes","None","Falkland Trough","*","David Barnes","*","*","*","*","*","*"
"Genus","Species","Picture","Photo Title","Photo Caption","Photographer","Suggested Common Name","Photo Locality","Text","Identification","Description","Known Distribution","Ecology","Size","Depth","Reference"
"Ctenocidaris","rugosa","Ctenocidaris3.rug.jpg","Ctenocidaris rugosa ","Spines","David Barnes","None","Falkland Trough","*","David Barnes","*","*","*","*","*","*"
"Ctenocidaris","speciosa","Ctenocidaris1.spe.jpg","Ctenocidaris speciosa","None","David Barnes","None","Deception I.","*","David Barnes","*","*","*","*","*","*"
"Ctenocidaris","speciosa","Ctenocidaris2.spe.jpg","Ctenocidaris speciosa","Spines","David Barnes","None","Deception I.","*","David Barnes","*","*","*","*","*","*"
"Ctenocidaris","gigantea","Ctenocidaris1.gig.jpg","Ctenocidaris gigantea","None","David Barnes","None","Elephant I. AP","*","David Barnes","*","*","*","*","*","*"
"Ctenocidaris","gigantea","Ctenocidaris2.gig.jpg","Ctenocidaris gigantea","Spines","David Barnes","None","Elephant I. AP","*","David Barnes","*","*","*","*","*","*"
"Ctenocidaris","gigantea","Ctenocidaris3.gig.jpg","Ctenocidaris gigantea","Spines","*","None","*","*","*","*","*","*","*","*","*"
"Ctenocidaris","nutrix","Ctenocidaris1.nut.jpg","Ctenocidaris nutrix","Spines","David Barnes","None","South Orkney Is.","*","David Barnes","*","*","*","*","*","*"
"Ctenocidaris","perrieri","Ctenocidaris1.per.jpg","Ctenocidaris perrieri","Spines","*","None","*","*","*","*","*","*","*","*","*"
"Ctenocidaris","spinosa","Ctenocidari1.spi.jpg","Ctenocidaris spinosa","Spines","David Barnes","None","Deception I.","*","David Barnes","*","*","*","*","*","*"
"Ctenocidaris","spinosa","Ctenocidari2.spi.jpg","Ctenocidaris spinosa","None","*","None","*","*","David Barnes","*","*","*","*","*","*"
"Cucumaria ","sp.","Cucumaria1.jpg","Cucumaria sp.","None","David Barnes","None","Ryder Bay, WAP","*","J. Bohn","*","*","*","*","*","*"
"Cycethra","verrucosa ","Cycethra1.jpg","Cycethra verrucosa ","None","David Barnes","None","Elephant I. AP","*","E. Mutschke","*","*","*","*","*","*"
"Dendrochirotida ","sp.","Dendrochirotida1.jpg","Dendrochirotida sp","None","David Barnes","None","Elephant I. AP","*","J. Bohn","*","*","*","*","*","*"
"Dendrochirotida ","sp.","Dendrochirotida2.jpg","Dendrochirotida sp","None","David Barnes","None","Elephant I. AP","*","J. Bohn","*","*","*","*","*","*"
"Diplasterias","armata","Diplasterias1.arm.jpg","Diplasterias armata ","None","Simon Brockington","None","Ryder Bay, WAP","*","E. Mutschke","*","*","*","*","*","*"
"Diplasterias","brucei","Diplasterias1.bru.jpg","Diplasterias brucei    ","None","David Barnes","None","Falkland Trough","Diplasteriastext.doc","E. Mutschke","Diplasterias1.txt","Diplasterias2.txt","Diplasterias3.txt","Diplasterias4.txt","Diplasterias5.txt","Diplasterias6.txt"
"Diplasterias","brucei","Diplasterias2.bru..jpg","Diplasterias brucei    ","None","David Barnes","None","Ryder Bay, WAP","Diplasteriastext.doc","E. Mutschke","Diplasterias1.txt","Diplasterias2.txt","Diplasterias3.txt","Diplasterias4.txt","Diplasterias5.txt","Diplasterias6.txt"
"Diplasterias","brandti","Diplasterias1.bra.jpg","Diplasterias brandti  ","None","David Barnes","None","Elephant I. AP","*","E. Mutschke","*","*","*","*","*","*"
"Genus","Species","Picture","Photo Title","Photo Caption","Photographer","Suggested Common Name","Photo Locality","Text","Identification","Description","Known Distribution","Ecology","Size","Depth","Reference"
"Diplodontias ","sp.","Diplodontias1.jpg","Diplodontias sp.","None","David Barnes","None","Falkland Trough","*","E. Mutschke","*","*","*","*","*","*"
"Echinopsolus","acanthocola","Echinopsolus1.jpg","Echinopsolus acanthocola","None","BAS","None","Ryder Bay, WAP","*","J. Bohn","*","*","*","*","*","*"
"Echinoidea ","sp.","Echinoidea1.jpg","Echinoidea sp ","None","*","None","*","*","*","*","*","*","*","*","*"
"Echinoidea ","sp.","Echinoidea2.jpg","Echinoidea sp ","None","*","None","*","*","*","*","*","*","*","*","*"
"Echinoidea ","sp.","Echinoidea3.jpg","Echinoidea sp ","None","*","None","*","*","*","*","*","*","*","*","*"
"Echinoidea ","sp.","Echinoidea4.jpg","Echinoidea sp ","None","*","None","*","*","*","*","*","*","*","*","*"
"Echinoidea ","sp.","Echinoidea5.jpg","Echinoidea sp ","None","*","None","*","*","*","*","*","*","*","*","*"
"Gorganocephalus ","sp.","Gorganocephalus1.jpg","Gorganocephalus sp.","None","*","Common Antarctic basket star","South Georgia","*","David Barnes","*","*","*","*","*","*"
"Gorganocephalus ","sp.","Gorganocephalus2.jpg","Gorganocephalus sp.","Ventral","David Barnes","Common Antarctic basket star","South Georgia","*","David Barnes","*","*","*","*","*","*"
"Heterocucumis","steineni","Heterocucumis1.ste.jpg","Heterocucumis steineni","None","BAS","None","Ryder Bay, WAP","*","J. Bohn","*","*","*","*","*","*"
"Heterocucumis ","sp.","Heterocucumis1.sp.jpg","Heterocucumis sp.","None","*","None","Ryder Bay, WAP","*","*","*","*","*","*","*","*"
"Hippasteria","falkandica","Hippasteria1.jpg","Hippasteria falklandica","None","*","None","South Georgia","*","E. Mutschke","*","*","*","*","*","*"
"Kamylaster","incurvatus","Kamylaster1.jpg","Kamylaster incurvatus ","None","David Barnes","None","Elephant I. AP","*","E. Mutschke","*","*","*","*","*","*"
"Labidiaster","radiosus","Labidiaster1.jpg","Labidiaster radiosus   ","Ventral","David Barnes","None","Elephant I. AP","Labidiastertext.doc","David Barnes","Labidiaster1.txt","Labidiaster2.txt","Labidiaster3.txt","Labidiaster4.txt","Labidiaster5.txt","Labidiaster6.txt"
"Labidiaster","radiosus","Labidiaster2.jpg","Labidiaster radiosus   ","None","*","None","*","Labidiastertext.doc","David Barnes","Labidiaster1.txt","Labidiaster2.txt","Labidiaster3.txt","Labidiaster4.txt","Labidiaster5.txt","Labidiaster6.txt"
"Luidia ","sp.","Luidia1.jpg","Luidia sp.","None","BAS","None","South Georgia","*","E. Mutschke","*","*","*","*","*","*"
"Luidiaster ","gerlachei","Luidiaster1.jpg","Luidiaster gerlachei ","None","David Barnes","None","Elephant I. AP","*","E. Mutschke","*","*","*","*","*","*"
"Lophaster","gaini","Lophaster1.jpg","Lophaster gaini ","None","David Barnes","None","Deception I. AP","*","E. Mutschke","*","*","*","*","*","*"
"Macroptychaster","accrescens ","Macroptychaster1.jpg","Macroptychaster accrescens  ","None","Simon Brockington","None","Ryder Bay, WAP","Macroptychastertext.doc","David Barnes","Macroptychaster1.txt","Macroptychaster2.txt","Macroptychaster3.txt","Macroptychaster4.txt","Macropytychaster5.txt","Macroptychaster6.txt"
"Macroptychaster","accrescens ","Macroptychaster2.jpg","Macroptychaster accrescens  ","None","David Barnes","None","Deception I.","Macroptychastertext.doc","David Barnes","Macroptychaster1.txt","Macroptychaster2.txt","Macroptychaster3.txt","Macroptychaster4.txt","Macropytychaster5.txt","Macroptychaster6.txt"
"Macroptychaster","accrescens ","Macroptychaster3.jpg","Macroptychaster accrescens  ","None","*","None","*","Macroptychastertext.doc","David Barnes","Macroptychaster1.txt","Macroptychaster2.txt","Macroptychaster3.txt","Macroptychaster4.txt","Macropytychaster5.txt","Macroptychaster6.txt"
"Genus","Species","Picture","Photo Title","Photo Caption","Photographer","Suggested Common Name","Photo Locality","Text","Identification","Description","Known Distribution","Ecology","Size","Depth","Reference"
"Notociaris","sp.","Notociaris1.jpg","Notociaris sp.","None","*","None","*","*","*","*","*","*","*","*","*"
"Notocidaris","mortensi","Notocidaris1.jpg","Notocidaris mortensi","None","David Barnes","None","Elephant I. AP","*","David Barnes","*","*","*","*","*","*"
"Notocidaris","mortensi","Notocidaris2.jpg","Notocidaris mortensi","None","*","None","*","*","*","*","*","*","*","*","*"
"Notociaris","mortensi","Notocidaris3.jpg","Notocidaris mortensi","None","*","None","*","*","*","*","*","*","*","*","*"
"Odontaster ","sp.","Odontaster1.sp.jpg","Odontaster sp.","None","David Barnes","None","Shag Rocks","*","E. Mutschke","*","*","*","*","*","*"
"Odontaster ","validus ","Odontaster1.val.jpg","Odontaster validus","None","David Barnes","Common Antarctic sea-star","South Orkney Is.","*","David Barnes","*","*","*","*","*","*"
"Odontaster ","validus ","Odontaster2.val.jpg","Odontaster validus","Two ","*","Common Antarctic sea-star","*","*","*","*","*","*","*","*","*"
"Odontaster   ","meridionalis  ","Odontaster1.mer.jpg","Odontaser meridionalis","None","David Barnes","None","South Orkney Is.","Odontastertext.doc","David Barnes","Odontaster1.txt","Odontaster2.txt","Odontaster3.txt","Odontaster4.txt","Odontaster5.txt","Odontaster6.txt"
"Odontaster   ","meridionalis  ","Odontaster2.mer.jpg","Odontaser meridionalis","None","David Barnes","None","South Orkney Is.","Odontastertext.doc","David Barnes","Odontaster1.txt","Odontaster2.txt","Odontaster3.txt","Odontaster4.txt","Odontaster5.txt","Odontaster6.txt"
"Odontaster   ","meridionalis  ","Odontaster3.mer.jpg","Odontaser meridionalis","None","David Barnes","None","South Orkney Is.","Odontastertext.doc","David Barnes","Odontaster1.txt","Odontaster2.txt","Odontaster3.txt","Odontaster4.txt","Odontaster5.txt","Odontaster6.txt"
"Ophiacantha","vivipara","Ophiacantha1.jpg","Ophiacantha vivipara ","None","David Barnes","None","Falkland Trough","*","I. Smirnov","*","*","*","*","*","*"
"Ophiomastus","sp.","Ophiomastus1.jpg","Ophiomastus sp","None","David Barnes","None","Falkland Trough","*","I. Smirnov","*","*","*","*","*","*"
"Ophionotus","hexactis","Ophionotus1.hex.jpg","Ophionotus hexactis","Ventral","David Barnes","None","South Georgia","*","I. Smirnov","*","*","*","*","*","*"
"Ophionotus","hexactis","Ophionotus2.hex.jpg","Ophionotus hexactis","None","David Barnes","None","South Georgia","*","I. Smirnov","*","*","*","*","*","*"
"Ophionotus ","victoriae","Ophionotus1.vic.jpg","Ophionotus victoriae    ","None","David Barnes","Common Antarctic brittle star","Elephant I. AP","Ophionotustext.doc","I. Smirnov","Ophionotus1.txt","Ophionotus2.txt","Ophionotus3.txt","Ophionotus4.txt","Ophionotus5.txt","Ophionotus6.txt"
"Ophionotus ","victoriae","Ophionotus2.vic.jpg","Ophionotus victoriae    ","Ventral 1","David Barnes","Common Antarctic brittle star","Elephant I. AP","Ophionotustext.doc","I. Smirnov","Ophionotus1.txt","Ophionotus2.txt","Ophionotus3.txt","Ophionotus4.txt","Ophionotus5.txt","Ophionotus6.txt"
"Ophionotus ","victoriae","Ophionotus3.vic.jpg","Ophionotus victoriae    ","Ventral 2","David Barnes","Common Antarctic brittle star","Elephant I. AP","Ophionotustext.doc","I. Smirnov","Ophionotus1.txt","Ophionotus2.txt","Ophionotus3.txt","Ophionotus4.txt","Ophionotus5.txt","Ophionotus6.txt"
"Ophionotus ","victoriae","Ophionotus4vic.jpg","Ophionotus victoriae    ","Ventral 3","David Barnes","Common Antarctic brittle star","Elephant I. AP","Ophionotustext.doc","I. Smirnov","Ophionotus1.txt","Ophionotus2.txt","Ophionotus3.txt","Ophionotus4.txt","Ophionotus5.txt","Ophionotus6.txt"
"Ophionotus ","victoriae","Ophionotus5.vic.jpg","Ophionotus victoriae    ","Numerous","BAS","Common Antarctic brittle star","Ryder Bay, WAP","Ophionotustext.doc","I. Smirnov","Ophionotus1.txt","Ophionotus2.txt","Ophionotus3.txt","Ophionotus4.txt","Ophionotus5.txt","Ophionotus6.txt"
"Genus","Species","Picture","Photo Title","Photo Caption","Photographer","Suggested Common Name","Photo Locality","Text","Identification","Description","Known Distribution","Ecology","Size","Depth","Reference"
"Ophionotus ","victoriae","Ophionotus6.vic.jpg","Ophionotus victoriae    ","Dorsal","*","Common Antarctic brittle star","*","Ophionotustext.doc","I. Smirnov","Ophionotus1.txt","Ophionotus2.txt","Ophionotus3.txt","Ophionotus4.txt","Ophionotus5.txt","Ophionotus6.txt"
"Ophioplocus","incipiens","Ophioplocus1.jpg","Ophioplocus incipiens ","None","David Barnes","None","Elephant I. AP","*","I. Smirnov","*","*","*","*","*","*"
"Ophioscolex ","nutrix","Ophioscolex1.jpg","Ophioscolex nutrix ","None","David Barnes","None","Falkland Trough","*","I. Smirnov","*","*","*","*","*","*"
"Ophioscolex ","nutrix","Ophioscolex2.jpg","Ophioscolex nutrix ","Ventral","David Barnes","None","Falkland Trough","*","I. Smirnov","*","*","*","*","*","*"
"Ophiosparte","gigas","Ophiosparte1.jpg","Ophiosparte gigas   ","None","Simon Brockington","None","Ryder Bay, WAP","*","I. Smirnov","*","*","*","*","*","*"
"Ophiuroglypha","lymani","Ophiuroglypha1.jpg","Ophiuroglypha lymani ","None","David Barnes","None","Falkland Trough","*","I. Smirnov","*","*","*","*","*","*"
"Ophiuroid ","peregrinator ","Ophiuroid1.jpg","Amphioplus peregrinator ","None","David Barnes","None","Livingstone I. AP","*","I. Smirnov","*","*","*","*","*","*"
"Ophiuroid ","peregrinator ","Ophiuroid2.jpg","Amphioplus peregrinator ","Ventral","David Barnes","None","Livingstone I. AP","*","I. Smirnov","*","*","*","*","*","*"
"Ophiuroidea ","sp.","Ophiuroidea1.jpg","Gorganocephalus sp.","None","BAS","None","South Georgia","*","David Barnes","*","*","*","*","*","*"
"Ophiurolepis","brevirima","Ophiurolepis1.bre.jpg","Ophiurolepis brevirima ","None","David Barnes","None","Elephant I. AP","Ophiurolepistext.doc","I. Smirnov","Ophiurolepis1.txt","Ophiurolepis2.txt","Ophiurolepis3.txt","Ophiurolepis4.txt","Ophiurolepis5.txt","Ophiurolepis6.txt"
"Ophiurolepis","gelida","Ophiurolepis1.gel.jpg","Ophiurolepis gelida ","None","David Barnes","None","Elephant I. AP","*","I. Smirnov","*","*","*","*","*","*"
"Ophiurolepis","gelida","Ophiurolepis2.gel.jpg","Ophiurolepis gelida ","Ventral & Sponge Covered","David Barnes","None","Elephant I. AP","*","I. Smirnov","*","*","*","*","*","*"
"Ophiurolepis","gelida","Ophiurolepis3.gel.jpg","Ophiurolepis gelida ","Sponge Covered","David Barnes","None","Elephant I. AP","*","I. Smirnov","*","*","*","*","*","*"
"Perknaster","aurorae","Perknaster1.aur.jpg","Perknaster aurorae    ","None","David Barnes","None","Elephant I. AP","Perknaster.aur.text.doc","E. Mutschke","Perknaster1.aur.txt","Perknaster2.aur.txt","Perknaster3.aur.txt","Perknaster4.aur.txt","Perknaster5.aur.txt","*"
"Perknaster","fuscus","*","Perknaster fuscus    ","None","*","None","*","Perknaster.fus.text.doc","E. Mutschke","Perknaster1.fus.txt","Perknaster2.fus.txt","Perknaster3.fus.txt","Perknaster4.fus.txt","Perknaster5.fus.txt","Perknaster6.fus.txt"
"Perknaster","sp.","Perknaster1.sp.jpg","Perknaster sp","None","N.Forsyth","None","S. Orkney Island","*","*","*","*","*","*","*","*"
"Porania ","antarctica    ","Porania1.jpg","Porania antarctica","None","David Barnes","None","Falkland Trough","Poraniatext.doc","E. Mutschke","Porania1.txt","Porania2.txt","*","Porania4.txt","Porania5.txt","*"
"Genus","Species","Picture","Photo Title","Photo Caption","Photographer","Suggested Common Name","Photo Locality","Text","Identification","Description","Known Distribution","Ecology","Size","Depth","Reference"
"Porania ","sp.","Porania2.jpg","Porania antarctica","None","David Barnes","None","Falkland Trough","Poraniatext.doc","E. Mutschke","Porania1.txt","Porania2.txt","*","Porania4.txt","Porania5.txt","*"
"Pourtalesia","auroae","Pourtalesia1.aur.jpg","Pourtalesia aurorae","None","David Barnes","None","South Sandwich Is.","*","David Barnes","*","*","*","*","*","*"
"Pourtalesia","auroae","Pourtalesia2.aur.jpg","Pourtalesia aurorae","None","David Barnes","None","South Sandwich Is.","*","David Barnes","*","*","*","*","*","*"
"Pourtalesia","auroae oral","Pourtalesia1.aur.or.jpg","Pourtalesia aurorae oral","None","David Barnes","None","South Sandwich Is.","*","David Barnes","*","*","*","*","*","*"
"Promachocrinus","kerguelensis","Promachocrinus1.jpg","Promachocrinus kerguelensis","None","BAS","None","*","*","*","*","*","*","*","*","*"
"Promachocrinus","kerguelensis","Promachocrinus2.jpg","Promachocrinus kerguelensis","None","Dave Bowden","None","*","*","David Barnes","*","*","*","*","*","*"
"Pseudechinus","marionis","Pseudechinus1.jpg","Pseudechinus marionis","None","David Barnes","None","Falkland Trough","*","David Barnes","*","*","*","*","*","*"
"Pseudechinus","marionis","Pseudechinus2.jpg","Pseudechinus marionis","None","David Barnes","None","Falkland Trough","*","David Barnes","*","*","*","*","*","*"
"Psilaster","charcoti ","Psilaster1.jpg","Psilaster charcoti   ","None","*","None","South Georgia","Psilastertext.doc","E. Mutschke","*","*","*","*","*","*"
"Psilaster","charcoti ","Psilaster2.jpg","Psilaster charcoti   ","None","*","None","South Georgia","Psilastertext.doc","E. Mutschke","*","*","*","*","*","*"
"Psolus ","sp.","Psolus1.jpg","Psolus sp.","None","David Barnes","None","Elephant I. AP","*","J. Bohn","*","*","*","*","*","*"
"Pteraster","affinis","Pteraster1.jpg","Pteraster affinis","None","David Barnes","None","Falkland Trough","*","E. Mutschke","*","*","*","*","*","*"
"Rhopiella","hirsuta","Rhopiella1.jpg","Rhopiella hirsuta ","None","David Barnes","None","Livingstone I. AP","*","E. Mutschke","*","*","*","*","*","*"
"Scotoplanes ","globosa","Scotoplanes1.jpg","Scotoplanes globosa","None","David Barnes","None","Elephant I. AP","*","J. Bohn","*","*","*","*","*","*"
"Sneumayeri","sp","Sneumayeri1.jpg","Sneumayeri sp.","None","BAS","Common Antarctic sea urchin","Ryder Bay, WAP","*","David Barnes","*","*","*","*","*","*"
"Solaster","regularis","Solaster1.jpg","Solaster regularis ","None","David Barnes","None","Elephant I. AP","*","E. Mutschke","*","*","*","*","*","*"
"Sterechinus ","agassizi","Sterechinus1.aga.jpg","Sterechinus agassizi","None","David Barnes","None","Falkland Trough","*","David Barnes","*","*","*","*","*","*"
"Sterechinus ","agassizi","Sterechinus2.aga.jpg","Sterechinus agassizi","None","David Barnes","None","Falkland Trough","*","David Barnes","*","*","*","*","*","*"
"Genus","Species","Picture","Photo Title","Photo Caption","Photographer","Suggested Common Name","Photo Locality","Text","Identification","Description","Known Distribution","Ecology","Size","Depth","Reference"
"Sterechinus ","antarcticus","Sterechinus1.ant.jpg","Sterechinus antarcticus","None","David Barnes","None","South Georgia","*","David Barnes","*","*","*","*","*","*"
"Sterechinus ","neumayeri","Sterechinus1.neu.jpg","Sterechinus neumayeri","None","David Barnes","Common Antarctic sea urchin","Elephant I. AP","*","David Barnes","*","*","*","*","*","*"
"Sterechinus ","neumayeri","Sterechinus2.neu.jpg","Sterechinus neumayeri","With cover","*","Common Antarctic sea urchin","*","*","David Barnes","*","*","*","*","*","*"
"Sterechinus ","neumayeri","Sterechinus3.neu.jpg","Sterechinus neumayeri","Spines","*","Common Antarctic sea urchin","*","*","David Barnes","*","*","*","*","*","*"
"Sterechinus ","neumayeri","Sterechinus4.neu.jpg","Sterechinus neumayeri","Nummerous","Simon Brockington","Common Antarctic sea urchin","South Cove, Rothera Point","*","David Barnes","*","*","*","*","*","*"
"Synallactidae","sp","Synallactidae1.jpg","Synallactidae sp.","None","David Barnes","None","Elephant I. AP","*","J. Bohn","*","*","*","*","*","*"
"Tremaster","mirabilis","Tremaster1.jpg","Tremaster mirabilis","None","David Barnes","None","South Georgia","*","E. Mutschke","*","*","*","*","*","*"
"Tripylaster","philippi","Tripylaster1.jpg","Tripylaster philippi ","None","David Barnes","None","Falkland Trough","*","David Barnes","*","*","*","*","*","*"
